Id,Label,Terms,Datatype,Pattern,Unit,Enumeration,Additional Missing Value Codes,Notes,Description,Section,Cardinality,MissingValueCodes,Provenance,SeeAlso
nih_record_id,User ID,,string,,,,"""-9999""=[Reason Unknown] |""-9960""=[This information was not provided by the originator (participant or sensor)] |""-9985""=[Data was invalid (wrong format, wrong or unknown units, not parseable, or impossible value)] |""-9944""=[This element (question or variable) was not presented to user for collection (reason unspecified)]",,,Identity,single,,,
nih_age,What is your age?,PATO:0000011,integer,,year,,"""-9999""=[Reason Unknown] |""-9960""=[This information was not provided by the originator (participant or sensor)] |""-9985""=[Data was invalid (wrong format, wrong or unknown units, not parseable, or impossible value)] |""-9944""=[This element (question or variable) was not presented to user for collection (reason unspecified)]",,,Age,single,,,
alcohol_date_mdy,Date of Alcohol/Tobacco Use Collection  MM/DD/YYYY,,dateTime,,,,"""-9999""=[Reason Unknown] |""-9960""=[This information was not provided by the originator (participant or sensor)] |""-9985""=[Data was invalid (wrong format, wrong or unknown units, not parseable, or impossible value)] |""-9944""=[This element (question or variable) was not presented to user for collection (reason unspecified)]",,,,,,,
nih_alcohol_frequency,How often did you have a drink containing alcohol ?,"GSSO:006602
NCIT:C81229
NCIT:C16273",integer,,,"""0""=[Never] |
""1""=[Monthly Or Less] |
""2""=[Two To Four Times Per Month] |
""3""=[Two To Three Times Per Week] |
""4""=[Four Or More Times Per Week] |
""98""=[Don't know] |
""99""=[Prefer not to answer]","""-9999""=[Reason Unknown] |""-9960""=[This information was not provided by the originator (participant or sensor)] |""-9985""=[Data was invalid (wrong format, wrong or unknown units, not parseable, or impossible value)] |""-9944""=[This element (question or variable) was not presented to user for collection (reason unspecified)]",,,Medical History,single,,,
nih_sex,What is your biological sex assigned at birth?,"NCIT:C124436
PATO:0000047",integer,,,"""0""=[Female] |
""1""=[Male] |
""2""=[Intersex] |
""3""=[Non-binary] |
""96""=[None of these describe me] |
""99""=[Prefer not to answer]","""-9999""=[Reason Unknown] |""-9960""=[This information was not provided by the originator (participant or sensor)] |""-9985""=[Data was invalid (wrong format, wrong or unknown units, not parseable, or impossible value)] |""-9944""=[This element (question or variable) was not presented to user for collection (reason unspecified)]",,,Sex,single,,,
nih_asthma,Asthma,MONDO:0004979,integer,,,"""0""=[No] |
""1""=[Yes] |
""97""=[Other] |
""98""=[Don’t know] |
""99""=[Prefer not to answer]","""-9999""=[Reason Unknown] |""-9960""=[This information was not provided by the originator (participant or sensor)] |""-9985""=[Data was invalid (wrong format, wrong or unknown units, not parseable, or impossible value)] |""-9944""=[This element (question or variable) was not presented to user for collection (reason unspecified)]",,,Medical History,single,,,
nih_alc_sub_abuse,What is your race? Mark one or more boxes AND print origins.,"MONDO:0002494
MONDO:0021698",integer,,,"""0""=[No] |
""1""=[Yes] |
""97""=[Other] |
""98""=[Don’t know] |
""99""=[Prefer not to answer]","""-9999""=[Reason Unknown] |""-9960""=[This information was not provided by the originator (participant or sensor)] |""-9985""=[Data was invalid (wrong format, wrong or unknown units, not parseable, or impossible value)] |""-9944""=[This element (question or variable) was not presented to user for collection (reason unspecified)]",,,Medical History,single,,,
nih_autoimm,What is your race? Mark one or more boxes AND print origins.,MONDO:0007179,integer,,,"""0""=[No] |
""1""=[Yes] |
""97""=[Other] |
""98""=[Don’t know] |
""99""=[Prefer not to answer]","""-9999""=[Reason Unknown] |""-9960""=[This information was not provided by the originator (participant or sensor)] |""-9985""=[Data was invalid (wrong format, wrong or unknown units, not parseable, or impossible value)] |""-9944""=[This element (question or variable) was not presented to user for collection (reason unspecified)]",,,Medical History,single,,,
nih_cancer_past_yr,Cancer diagnosis and/or treatment within the past 12 months,MONDO:0004992,integer,,,"""0""=[No] |
""1""=[Yes] |
""97""=[Other] |
""98""=[Don’t know] |
""99""=[Prefer not to answer]","""-9999""=[Reason Unknown] |""-9960""=[This information was not provided by the originator (participant or sensor)] |""-9985""=[Data was invalid (wrong format, wrong or unknown units, not parseable, or impossible value)] |""-9944""=[This element (question or variable) was not presented to user for collection (reason unspecified)]",,,Medical History,single,,,
nih_chronic_kidney_disease,Chronic kidney disease,MONDO:0005300,integer,,,"""0""=[No] |
""1""=[Yes] |
""97""=[Other] |
""98""=[Don’t know] |
""99""=[Prefer not to answer]","""-9999""=[Reason Unknown] |""-9960""=[This information was not provided by the originator (participant or sensor)] |""-9985""=[Data was invalid (wrong format, wrong or unknown units, not parseable, or impossible value)] |""-9944""=[This element (question or variable) was not presented to user for collection (reason unspecified)]",,,Medical History,single,,,
nih_chronic_lung,What is your race? Mark one or more boxes AND print origins.,MONDO:0005275,integer,,,"""0""=[No] |
""1""=[Yes] |
""97""=[Other] |
""98""=[Don’t know] |
""99""=[Prefer not to answer]","""-9999""=[Reason Unknown] |""-9960""=[This information was not provided by the originator (participant or sensor)] |""-9985""=[Data was invalid (wrong format, wrong or unknown units, not parseable, or impossible value)] |""-9944""=[This element (question or variable) was not presented to user for collection (reason unspecified)]",,,Medical History,single,,,
nih_copd,What is your race? Mark one or more boxes AND print origins.,MONDO:0005002,integer,,,"""0""=[No] |
""1""=[Yes] |
""97""=[Other] |
""98""=[Don’t know] |
""99""=[Prefer not to answer]","""-9999""=[Reason Unknown] |""-9960""=[This information was not provided by the originator (participant or sensor)] |""-9985""=[Data was invalid (wrong format, wrong or unknown units, not parseable, or impossible value)] |""-9944""=[This element (question or variable) was not presented to user for collection (reason unspecified)]",,,Medical History,single,,,
nih_cardiovascular_disease,Cardiovascular disease,MONDO:0004995,integer,,,"""0""=[No] |
""1""=[Yes] |
""97""=[Other] |
""98""=[Don’t know] |
""99""=[Prefer not to answer]","""-9999""=[Reason Unknown] |""-9960""=[This information was not provided by the originator (participant or sensor)] |""-9985""=[Data was invalid (wrong format, wrong or unknown units, not parseable, or impossible value)] |""-9944""=[This element (question or variable) was not presented to user for collection (reason unspecified)]",,,Medical History,single,,,
nih_depression,What is your race? Mark one or more boxes AND print origins.,MONDO:0002050,integer,,,"""0""=[No] |
""1""=[Yes] |
""97""=[Other] |
""98""=[Don’t know] |
""99""=[Prefer not to answer]","""-9999""=[Reason Unknown] |""-9960""=[This information was not provided by the originator (participant or sensor)] |""-9985""=[Data was invalid (wrong format, wrong or unknown units, not parseable, or impossible value)] |""-9944""=[This element (question or variable) was not presented to user for collection (reason unspecified)]",,,Medical History,single,,,
nih_diabetes,Diabetes,MONDO:0005015,integer,,,"""0""=[No] |
""1""=[Yes] |
""97""=[Other] |
""98""=[Don’t know] |
""99""=[Prefer not to answer]","""-9999""=[Reason Unknown] |""-9960""=[This information was not provided by the originator (participant or sensor)] |""-9985""=[Data was invalid (wrong format, wrong or unknown units, not parseable, or impossible value)] |""-9944""=[This element (question or variable) was not presented to user for collection (reason unspecified)]",,,Medical History,single,,,
nih_hypertension,Hypertension,MONDO:0005044,integer,,,"""0""=[No] |
""1""=[Yes] |
""97""=[Other] |
""98""=[Don’t know] |
""99""=[Prefer not to answer]","""-9999""=[Reason Unknown] |""-9960""=[This information was not provided by the originator (participant or sensor)] |""-9985""=[Data was invalid (wrong format, wrong or unknown units, not parseable, or impossible value)] |""-9944""=[This element (question or variable) was not presented to user for collection (reason unspecified)]",,,Medical History,single,,,
nih_immunocompromised,What is your race? Mark one or more boxes AND print origins.,HP:0002721,integer,,,"""0""=[No] |
""1""=[Yes] |
""97""=[Other] |
""98""=[Don’t know] |
""99""=[Prefer not to answer]","""-9999""=[Reason Unknown] |""-9960""=[This information was not provided by the originator (participant or sensor)] |""-9985""=[Data was invalid (wrong format, wrong or unknown units, not parseable, or impossible value)] |""-9944""=[This element (question or variable) was not presented to user for collection (reason unspecified)]",,,Medical History,single,,,
nih_iv_drug_use,Intravenous drug use,,integer,,,"""0""=[No] |
""1""=[Yes] |
""97""=[Other] |
""98""=[Don’t know] |
""99""=[Prefer not to answer]","""-9999""=[Reason Unknown] |""-9960""=[This information was not provided by the originator (participant or sensor)] |""-9985""=[Data was invalid (wrong format, wrong or unknown units, not parseable, or impossible value)] |""-9944""=[This element (question or variable) was not presented to user for collection (reason unspecified)]",,,Medical History,single,,,
nih_other_chronic_cond,Other chronic condition,NCIT:C165593,integer,,,"""0""=[No] |
""1""=[Yes] |
""97""=[Other] |
""98""=[Don’t know] |
""99""=[Prefer not to answer]","""-9999""=[Reason Unknown] |""-9960""=[This information was not provided by the originator (participant or sensor)] |""-9985""=[Data was invalid (wrong format, wrong or unknown units, not parseable, or impossible value)] |""-9944""=[This element (question or variable) was not presented to user for collection (reason unspecified)]",,,Medical History,single,,,
nih_mental_health_disorder,Mental health disorder,MONDO:0005084,integer,,,"""0""=[No] |
""1""=[Yes] |
""97""=[Other] |
""98""=[Don’t know] |
""99""=[Prefer not to answer]","""-9999""=[Reason Unknown] |""-9960""=[This information was not provided by the originator (participant or sensor)] |""-9985""=[Data was invalid (wrong format, wrong or unknown units, not parseable, or impossible value)] |""-9944""=[This element (question or variable) was not presented to user for collection (reason unspecified)]",,,Medical History,single,,,
nih_sickle_cell_disease,Sickle cell disease,NCIT:C34383,integer,,,"""0""=[No] |
""1""=[Yes] |
""97""=[Other] |
""98""=[Don’t know] |
""99""=[Prefer not to answer]","""-9999""=[Reason Unknown] |""-9960""=[This information was not provided by the originator (participant or sensor)] |""-9985""=[Data was invalid (wrong format, wrong or unknown units, not parseable, or impossible value)] |""-9944""=[This element (question or variable) was not presented to user for collection (reason unspecified)]",,,Medical History,single,,,
consent_given,Is consent required for this study?,,int,,,"""0""=[No] |""1""=[Yes] ","""-9999""=[Reason Unknown] |""-9960""=[This information was not provided by the originator (participant or sensor)] |""-9985""=[Data was invalid (wrong format, wrong or unknown units, not parseable, or impossible value)] |""-9944""=[This element (question or variable) was not presented to user for collection (reason unspecified)]",,,,,,,
consent_recontact,I agree to be contacted for future research.,,int,,,"""0""=[No] |""1""=[Yes] ","""-9999""=[Reason Unknown] |""-9960""=[This information was not provided by the originator (participant or sensor)] |""-9985""=[Data was invalid (wrong format, wrong or unknown units, not parseable, or impossible value)] |""-9944""=[This element (question or variable) was not presented to user for collection (reason unspecified)]",,,,,,,
consentdt_mdy,Date of Consent     MM/DD/YYYY,,dateTime,,,,"""-9999""=[Reason Unknown] |""-9960""=[This information was not provided by the originator (participant or sensor)] |""-9985""=[Data was invalid (wrong format, wrong or unknown units, not parseable, or impossible value)] |""-9944""=[This element (question or variable) was not presented to user for collection (reason unspecified)]",,,,,,,
cov_pan_chal_hlth_2,Getting the health care I need (including for mental health),,int,,,"""0""=[No, not a challenge] |""1""=[Yes, a minor challenge] |""2""=[Yes, this is a major challenge] |""99""=[Prefer not to answer] ","""-9999""=[Reason Unknown] |""-9960""=[This information was not provided by the originator (participant or sensor)] |""-9985""=[Data was invalid (wrong format, wrong or unknown units, not parseable, or impossible value)] |""-9944""=[This element (question or variable) was not presented to user for collection (reason unspecified)]",,,,,,,
cov_pan_chal_med_2,Getting the medicine I need,,int,,,"""0""=[No, not a challenge] |""1""=[Yes, a minor challenge] |""2""=[Yes, this is a major challenge] |""99""=[Prefer not to answer] ","""-9999""=[Reason Unknown] |""-9960""=[This information was not provided by the originator (participant or sensor)] |""-9985""=[Data was invalid (wrong format, wrong or unknown units, not parseable, or impossible value)] |""-9944""=[This element (question or variable) was not presented to user for collection (reason unspecified)]",,,,,,,
cov_pan_chlng_trans_2,Getting to where I need to go ,,int,,,"""0""=[No, not a challenge] |""1""=[Yes, a minor challenge] |""2""=[Yes, this is a major challenge] |""99""=[Prefer not to answer] ","""-9999""=[Reason Unknown] |""-9960""=[This information was not provided by the originator (participant or sensor)] |""-9985""=[Data was invalid (wrong format, wrong or unknown units, not parseable, or impossible value)] |""-9944""=[This element (question or variable) was not presented to user for collection (reason unspecified)]",,,,,,,
cov_tst_mthd_2,How were you tested for your most recent test? ,,int,,,"""1""=[Nasal Swab] |""2""=[Throat Swab] |""3""=[Blood Sample] |""4""=[Saliva] |""99""=[Prefer not to answer] ","""-9999""=[Reason Unknown] |""-9960""=[This information was not provided by the originator (participant or sensor)] |""-9985""=[Data was invalid (wrong format, wrong or unknown units, not parseable, or impossible value)] |""-9944""=[This element (question or variable) was not presented to user for collection (reason unspecified)]",,,,,,,
covid_pandemic_challenges_abod_2,Having a place to stay/live,,int,,,"""0""=[No, not a challenge] |""1""=[Yes, a minor challenge] |""2""=[Yes, this is a major challenge] |""99""=[Prefer not to answer] ","""-9999""=[Reason Unknown] |""-9960""=[This information was not provided by the originator (participant or sensor)] |""-9985""=[Data was invalid (wrong format, wrong or unknown units, not parseable, or impossible value)] |""-9944""=[This element (question or variable) was not presented to user for collection (reason unspecified)]",,,,,,,
covid_pandemic_challenges_food_2,Getting enough food to eat,,int,,,"""0""=[No, not a challenge] |""1""=[Yes, a minor challenge] |""2""=[Yes, this is a major challenge] |""99""=[Prefer not to answer] ","""-9999""=[Reason Unknown] |""-9960""=[This information was not provided by the originator (participant or sensor)] |""-9985""=[Data was invalid (wrong format, wrong or unknown units, not parseable, or impossible value)] |""-9944""=[This element (question or variable) was not presented to user for collection (reason unspecified)]",,,,,,,
covid_pandemic_challenges_wate_2,Having clean water to drink,,int,,,"""0""=[No, not a challenge] |""1""=[Yes, a minor challenge] |""2""=[Yes, this is a major challenge] |""99""=[Prefer not to answer] ","""-9999""=[Reason Unknown] |""-9960""=[This information was not provided by the originator (participant or sensor)] |""-9985""=[Data was invalid (wrong format, wrong or unknown units, not parseable, or impossible value)] |""-9944""=[This element (question or variable) was not presented to user for collection (reason unspecified)]",,,,,,,
covid_vaccine,Have you received a COVID-19 vaccine?,,int,,,"""0""=[No] |""1""=[Yes] |""98""=[Prefer not to answer] |""99""=[Don't know] ","""-9999""=[Reason Unknown] |""-9960""=[This information was not provided by the originator (participant or sensor)] |""-9985""=[Data was invalid (wrong format, wrong or unknown units, not parseable, or impossible value)] |""-9944""=[This element (question or variable) was not presented to user for collection (reason unspecified)]",,,,,,,
nih_employment,Please specify your employment status.,"NCIT:C179143
NCIT:C25172",integer,,,"""0""=[Yes - Employed] |
""1""=[No - Not Employed] |
""2""=[Student] |
""3""=[Keeping household] |
""4""=[Retired] |
""5""=[Disabled or government support] |
""97""=[Other] |
""98""=[Don’t know] |
""99""=[Prefer not to answer]","""-9999""=[Reason Unknown] |""-9960""=[This information was not provided by the originator (participant or sensor)] |""-9985""=[Data was invalid (wrong format, wrong or unknown units, not parseable, or impossible value)] |""-9944""=[This element (question or variable) was not presented to user for collection (reason unspecified)]",,,Employment,single,,,
nih_education,What is the highest level of education you have achieved outside or in the United States?,NCIT:C17953,integer,,,"""0""=[Have never gone to school] |
""1""=[Some school (Includes any education received below highschool graduate level)] |
""2""=[High school graduate or GED completed] |
""3""=[Some college (graduated or not) associates degree,technical degree,or vocational degree] |
""4""=[Bachelor's degree] |
""5""=[Other advanced degree (Master's,Doctorate or Professional Doctorate)] |
""97""=[Other] |
""98""=[Don't know] |
""99""=[Prefer not to answer]","""-9999""=[Reason Unknown] |""-9960""=[This information was not provided by the originator (participant or sensor)] |""-9985""=[Data was invalid (wrong format, wrong or unknown units, not parseable, or impossible value)] |""-9944""=[This element (question or variable) was not presented to user for collection (reason unspecified)]",,,Education Level,single,,,
employed_ew,Are you considered an essential worker? An essential worker is someone who was required to go to work even when stay at home orders were in place ,,int,,,"""0""=[No] |""1""=[Yes] |""98""=[Unknown] |""99""=[Prefer not to answer] ","""-9999""=[Reason Unknown] |""-9960""=[This information was not provided by the originator (participant or sensor)] |""-9985""=[Data was invalid (wrong format, wrong or unknown units, not parseable, or impossible value)] |""-9944""=[This element (question or variable) was not presented to user for collection (reason unspecified)]",,,,,,,
employed_healthcare_2,"Would any of these describe where you work? If you work multiple jobs, select the closest match to your main job.",,int,,,"""0""=[No] |""1""=[Nursing care facilities] |""10""=[Construction] |""2""=[Visiting nurse or home health aide service] |""3""=[Building cleaning services] |""4""=[Public transportation] |""5""=[Corrections facility] |""6""=[EMT or paramedic services] |""7""=[Meat packing farm facility] |""8""=[Agriculture and food production facility] |""9""=[Grocery store] |""99""=[Prefer not to answer] ","""-9999""=[Reason Unknown] |""-9960""=[This information was not provided by the originator (participant or sensor)] |""-9985""=[Data was invalid (wrong format, wrong or unknown units, not parseable, or impossible value)] |""-9944""=[This element (question or variable) was not presented to user for collection (reason unspecified)]",,,,,,,
family_income,"In 2019, what was your total household income before taxes?",,int,,,"""1""=[Less than $15,000] |""2""=[$15,000 - $19,999] |""3""=[$20,000 - $24,999] |""4""=[$25,000 - $34,999] |""5""=[$35,000 - $49,999] |""6""=[$50,000 - $74,999] |""7""=[$75,000 - $99,999] |""8""=[$100,000 and above] |""99""=[Prefer not to answer] ","""-9999""=[Reason Unknown] |""-9960""=[This information was not provided by the originator (participant or sensor)] |""-9985""=[Data was invalid (wrong format, wrong or unknown units, not parseable, or impossible value)] |""-9944""=[This element (question or variable) was not presented to user for collection (reason unspecified)]",,,,,,,
flu_vaccine_season_3,Have you received a flu vaccine in the last 12 months?,,int,,,"""0""=[No] |""1""=[Yes] |""98""=[Don't know] |""99""=[Prefer not to answer] ","""-9999""=[Reason Unknown] |""-9960""=[This information was not provided by the originator (participant or sensor)] |""-9985""=[Data was invalid (wrong format, wrong or unknown units, not parseable, or impossible value)] |""-9944""=[This element (question or variable) was not presented to user for collection (reason unspecified)]",,,,,,,
flu_vaccinehistind_2,Have you ever received a flu vaccination?,,int,,,"""0""=[No] |""1""=[Yes] |""98""=[Don't know] |""99""=[Prefer not to answer] ","""-9999""=[Reason Unknown] |""-9960""=[This information was not provided by the originator (participant or sensor)] |""-9985""=[Data was invalid (wrong format, wrong or unknown units, not parseable, or impossible value)] |""-9944""=[This element (question or variable) was not presented to user for collection (reason unspecified)]",,,,,,,
gender_identity_term_2,What terms best express how you describe your gender identity?,,int,,,"""0""=[Man] |""1""=[Woman] |""3""=[Transgender man/Female-to-male (FTM)] |""4""=[Transgender woman/Male-to-female (MTF)] |""5""=[Gender non-binary/Genderqueer/Gender nonconforming] |""6""=[Agender] |""7""=[Bigender] |""8""=[Two-spirit] |""96""=[None of these describe me] |""99""=[Prefer not to answer] ","""-9999""=[Reason Unknown] |""-9960""=[This information was not provided by the originator (participant or sensor)] |""-9985""=[Data was invalid (wrong format, wrong or unknown units, not parseable, or impossible value)] |""-9944""=[This element (question or variable) was not presented to user for collection (reason unspecified)]",,,,,,,
nih_insurance,What kind of health insurance do you have?,NCIT:C157356,integer,,,"""0""=[None] |
""1""=[Private] |
""2""=[Public] |
""97""=[Other] |
""98""=[Don't know] |
""99""=[Prefer not to answer]","""-9999""=[Reason Unknown] |""-9960""=[This information was not provided by the originator (participant or sensor)] |""-9985""=[Data was invalid (wrong format, wrong or unknown units, not parseable, or impossible value)] |""-9944""=[This element (question or variable) was not presented to user for collection (reason unspecified)]",,,Insurance Status,single,,,
hi_loss_covid,Did you lose health coverage because of the COVID-19 pandemic?,,int,,,"""0""=[No] |""1""=[Yes] |""98""=[Prefer not to answer] |""99""=[Don't know] ","""-9999""=[Reason Unknown] |""-9960""=[This information was not provided by the originator (participant or sensor)] |""-9985""=[Data was invalid (wrong format, wrong or unknown units, not parseable, or impossible value)] |""-9944""=[This element (question or variable) was not presented to user for collection (reason unspecified)]",,,,,,,
hlthstat_date_mdy,Date of Health Status Collection,,dateTime,,,,"""-9999""=[Reason Unknown] |""-9960""=[This information was not provided by the originator (participant or sensor)] |""-9985""=[Data was invalid (wrong format, wrong or unknown units, not parseable, or impossible value)] |""-9944""=[This element (question or variable) was not presented to user for collection (reason unspecified)]",,,,,,,
household_congregate_3,Do you live in any of these?,,int,,,"""1""=[A group care setting] |""10""=[Homeless or in no consistent shelter] |""2""=[Nursing home] |""3""=[Residential care facility for people with intellectual and developmental disabilities] |""4""=[A psychiatric treatment facility] |""5""=[A group home] |""6""=[A board and care home] |""7""=[Prison or jail] |""8""=[A halfway house] |""9""=[Foster care] |""90""=[Somewhere else] |""99""=[Prefer not to answer] ","""-9999""=[Reason Unknown] |""-9960""=[This information was not provided by the originator (participant or sensor)] |""-9985""=[Data was invalid (wrong format, wrong or unknown units, not parseable, or impossible value)] |""-9944""=[This element (question or variable) was not presented to user for collection (reason unspecified)]",,,,,,,
household_famgen_3,What best describes the people at your home:,,int,,,"""1""=[Just me] |""2""=[Living with spouse, no kids] |""3""=[Family including kids] |""4""=[Family with 3 generations (parents, children, grandchildren)] |""5""=[Family with 4 generations] |""6""=[Living with roommates] |""90""=[None of these] |""99""=[Prefer not to answer] ","""-9999""=[Reason Unknown] |""-9960""=[This information was not provided by the originator (participant or sensor)] |""-9985""=[Data was invalid (wrong format, wrong or unknown units, not parseable, or impossible value)] |""-9944""=[This element (question or variable) was not presented to user for collection (reason unspecified)]",,,,,,,
household_homeless,"Are you currently living in transitional housing, staying in a shelter, or experiencing homelessness?",,int,,,"""0""=[No] |""1""=[Yes] |""98""=[Prefer not to answer] |""99""=[Don't know] ","""-9999""=[Reason Unknown] |""-9960""=[This information was not provided by the originator (participant or sensor)] |""-9985""=[Data was invalid (wrong format, wrong or unknown units, not parseable, or impossible value)] |""-9944""=[This element (question or variable) was not presented to user for collection (reason unspecified)]",,,,,,,
housing_concerns,Are you worried or concerned that in the next two months you may NOT have a place to stay?,,int,,,"""0""=[No] |""1""=[Yes] |""98""=[Prefer not to answer] |""99""=[Don't know] ","""-9999""=[Reason Unknown] |""-9960""=[This information was not provided by the originator (participant or sensor)] |""-9985""=[Data was invalid (wrong format, wrong or unknown units, not parseable, or impossible value)] |""-9944""=[This element (question or variable) was not presented to user for collection (reason unspecified)]",,,,,,,
housing_date_mdy,"Date of Housing, Employment and Insurance Collection",,dateTime,,,,"""-9999""=[Reason Unknown] |""-9960""=[This information was not provided by the originator (participant or sensor)] |""-9985""=[Data was invalid (wrong format, wrong or unknown units, not parseable, or impossible value)] |""-9944""=[This element (question or variable) was not presented to user for collection (reason unspecified)]",,,,,,,
isolate_maintain_job,"If you were to test positive for COVID-19, would you be able to isolate without losing your job?",,int,,,"""1""=[Yes] |""2""=[No] |""98""=[Don't know] |""99""=[Prefer not to answer] ","""-9999""=[Reason Unknown] |""-9960""=[This information was not provided by the originator (participant or sensor)] |""-9985""=[Data was invalid (wrong format, wrong or unknown units, not parseable, or impossible value)] |""-9944""=[This element (question or variable) was not presented to user for collection (reason unspecified)]",,,,,,,
jobloss_covid19_2,"Have you, or has anyone in your household, experienced a loss of employment income since the start of the COVID-19 pandemic (March 2020)?",,int,,,"""0""=[No] |""1""=[Yes] |""99""=[Prefer not to answer] ","""-9999""=[Reason Unknown] |""-9960""=[This information was not provided by the originator (participant or sensor)] |""-9985""=[Data was invalid (wrong format, wrong or unknown units, not parseable, or impossible value)] |""-9944""=[This element (question or variable) was not presented to user for collection (reason unspecified)]",,,,,,,
language_english,Do you speak a language other than English at home?,,int,,,"""0""=[No] |""1""=[Yes] |""98""=[Prefer not to answer] ","""-9999""=[Reason Unknown] |""-9960""=[This information was not provided by the originator (participant or sensor)] |""-9985""=[Data was invalid (wrong format, wrong or unknown units, not parseable, or impossible value)] |""-9944""=[This element (question or variable) was not presented to user for collection (reason unspecified)]",,,,,,,
language_home___1,What languages are spoken at home?,,boolean,,,"""0""=[(not selected) Spanish] |""1""=[Spanish] ","""-9999""=[Reason Unknown] |""-9960""=[This information was not provided by the originator (participant or sensor)] |""-9985""=[Data was invalid (wrong format, wrong or unknown units, not parseable, or impossible value)] |""-9944""=[This element (question or variable) was not presented to user for collection (reason unspecified)]",,,,,,,
language_home___2,What languages are spoken at home?,,boolean,,,"""0""=[(not selected) Vietnamese] |""1""=[Vietnamese] ","""-9999""=[Reason Unknown] |""-9960""=[This information was not provided by the originator (participant or sensor)] |""-9985""=[Data was invalid (wrong format, wrong or unknown units, not parseable, or impossible value)] |""-9944""=[This element (question or variable) was not presented to user for collection (reason unspecified)]",,,,,,,
language_home___3,What languages are spoken at home?,,boolean,,,"""0""=[(not selected) Mandarin] |""1""=[Mandarin] ","""-9999""=[Reason Unknown] |""-9960""=[This information was not provided by the originator (participant or sensor)] |""-9985""=[Data was invalid (wrong format, wrong or unknown units, not parseable, or impossible value)] |""-9944""=[This element (question or variable) was not presented to user for collection (reason unspecified)]",,,,,,,
language_home___4,What languages are spoken at home?,,boolean,,,"""0""=[(not selected) Cantonese] |""1""=[Cantonese] ","""-9999""=[Reason Unknown] |""-9960""=[This information was not provided by the originator (participant or sensor)] |""-9985""=[Data was invalid (wrong format, wrong or unknown units, not parseable, or impossible value)] |""-9944""=[This element (question or variable) was not presented to user for collection (reason unspecified)]",,,,,,,
language_home___5,What languages are spoken at home?,,boolean,,,"""0""=[(not selected) Tagalog] |""1""=[Tagalog] ","""-9999""=[Reason Unknown] |""-9960""=[This information was not provided by the originator (participant or sensor)] |""-9985""=[Data was invalid (wrong format, wrong or unknown units, not parseable, or impossible value)] |""-9944""=[This element (question or variable) was not presented to user for collection (reason unspecified)]",,,,,,,
language_home___6,What languages are spoken at home?,,boolean,,,"""0""=[(not selected) Hawaiian] |""1""=[Hawaiian] ","""-9999""=[Reason Unknown] |""-9960""=[This information was not provided by the originator (participant or sensor)] |""-9985""=[Data was invalid (wrong format, wrong or unknown units, not parseable, or impossible value)] |""-9944""=[This element (question or variable) was not presented to user for collection (reason unspecified)]",,,,,,,
language_home___7,What languages are spoken at home?,,boolean,,,"""0""=[(not selected) Ilokano] |""1""=[Ilokano] ","""-9999""=[Reason Unknown] |""-9960""=[This information was not provided by the originator (participant or sensor)] |""-9985""=[Data was invalid (wrong format, wrong or unknown units, not parseable, or impossible value)] |""-9944""=[This element (question or variable) was not presented to user for collection (reason unspecified)]",,,,,,,
language_home___8,What languages are spoken at home?,,boolean,,,"""0""=[(not selected) Navajo] |""1""=[Navajo] ","""-9999""=[Reason Unknown] |""-9960""=[This information was not provided by the originator (participant or sensor)] |""-9985""=[Data was invalid (wrong format, wrong or unknown units, not parseable, or impossible value)] |""-9944""=[This element (question or variable) was not presented to user for collection (reason unspecified)]",,,,,,,
language_home___9,What languages are spoken at home?,,boolean,,,"""0""=[(not selected) English] |""1""=[English] ","""-9999""=[Reason Unknown] |""-9960""=[This information was not provided by the originator (participant or sensor)] |""-9985""=[Data was invalid (wrong format, wrong or unknown units, not parseable, or impossible value)] |""-9944""=[This element (question or variable) was not presented to user for collection (reason unspecified)]",,,,,,,
language_home___90,What languages are spoken at home?,,boolean,,,"""0""=[(not selected) Other] |""1""=[Other] ","""-9999""=[Reason Unknown] |""-9960""=[This information was not provided by the originator (participant or sensor)] |""-9985""=[Data was invalid (wrong format, wrong or unknown units, not parseable, or impossible value)] |""-9944""=[This element (question or variable) was not presented to user for collection (reason unspecified)]",,,,,,,
language_home___99,What languages are spoken at home?,,boolean,,,"""0""=[(not selected) Prefer not to answer] |""1""=[Prefer not to answer] ","""-9999""=[Reason Unknown] |""-9960""=[This information was not provided by the originator (participant or sensor)] |""-9985""=[Data was invalid (wrong format, wrong or unknown units, not parseable, or impossible value)] |""-9944""=[This element (question or variable) was not presented to user for collection (reason unspecified)]",,,,,,,
nih_lifetime_use_alcohol,"In your entire life, have you had at least 1 drink of any kind of alcohol, not counting small tastes or sips? (Yes or No)","GSSO:006602
NCIT:C81229
NCIT:C16273",integer,,,"""0""=[No] |
""1""=[Yes] |
""97""=[Other] |
""98""=[Don’t know] |
""99""=[Prefer not to answer]","""-9999""=[Reason Unknown] |""-9960""=[This information was not provided by the originator (participant or sensor)] |""-9985""=[Data was invalid (wrong format, wrong or unknown units, not parseable, or impossible value)] |""-9944""=[This element (question or variable) was not presented to user for collection (reason unspecified)]",,,Medical History,single,,,
med_hx_date_mdy,Date of Medical History Collection  MM/DD/YYYY,,dateTime,,,,"""-9999""=[Reason Unknown] |""-9960""=[This information was not provided by the originator (participant or sensor)] |""-9985""=[Data was invalid (wrong format, wrong or unknown units, not parseable, or impossible value)] |""-9944""=[This element (question or variable) was not presented to user for collection (reason unspecified)]",,,,,,,
positivemonth_covidtest_2,What month did you first test positive for COVID-19?,,int,,,"""1""=[January] |""10""=[October] |""11""=[November] |""12""=[December] |""2""=[February] |""3""=[March] |""4""=[April] |""5""=[May] |""6""=[June] |""7""=[July] |""8""=[August] |""9""=[September] |""99""=[Prefer not to answer] ","""-9999""=[Reason Unknown] |""-9960""=[This information was not provided by the originator (participant or sensor)] |""-9985""=[Data was invalid (wrong format, wrong or unknown units, not parseable, or impossible value)] |""-9944""=[This element (question or variable) was not presented to user for collection (reason unspecified)]",,,,,,,
positiveyear_covidtest_3,What year did you first test positive for COVID-19?,,int,,,"""1""=[2019] |""2""=[2020] |""3""=[2021] |""4""=[2022] |""5""=[2023] |""6""=[2024] |""7""=[2025] |""99""=[Prefer not to answer] ","""-9999""=[Reason Unknown] |""-9960""=[This information was not provided by the originator (participant or sensor)] |""-9985""=[Data was invalid (wrong format, wrong or unknown units, not parseable, or impossible value)] |""-9944""=[This element (question or variable) was not presented to user for collection (reason unspecified)]",,,,,,,
nih_pregnancy,Pregnancy status,NCIT:C69218,integer,,,"""0""=[Not Pregnant] |
""1""=[Pregnant] |
""98""=[Don't know] |
""99""=[Prefer not to answer]","""-9999""=[Reason Unknown] |""-9960""=[This information was not provided by the originator (participant or sensor)] |""-9985""=[Data was invalid (wrong format, wrong or unknown units, not parseable, or impossible value)] |""-9944""=[This element (question or variable) was not presented to user for collection (reason unspecified)]",,,Medical History,single,,,
quarantine_maintain_job,"If you would be exposed to someone with COVID-19, would you be able to quarantine without losing your job? ",,int,,,"""1""=[Yes] |""2""=[No] |""98""=[Don't know] |""99""=[Prefer not to answer] ","""-9999""=[Reason Unknown] |""-9960""=[This information was not provided by the originator (participant or sensor)] |""-9985""=[Data was invalid (wrong format, wrong or unknown units, not parseable, or impossible value)] |""-9944""=[This element (question or variable) was not presented to user for collection (reason unspecified)]",,,,,,,
race_ethn_asian_detail_3___1,What is your race? Mark one or more boxes AND print origins.,,boolean,,,"""0""=[(not selected) Japanese] |""1""=[Japanese] ","""-9999""=[Reason Unknown] |""-9960""=[This information was not provided by the originator (participant or sensor)] |""-9985""=[Data was invalid (wrong format, wrong or unknown units, not parseable, or impossible value)] |""-9944""=[This element (question or variable) was not presented to user for collection (reason unspecified)]",,,,,,,
race_ethn_asian_detail_3___2,What is your race? Mark one or more boxes AND print origins.,,boolean,,,"""0""=[(not selected) Filipino] |""1""=[Filipino] ","""-9999""=[Reason Unknown] |""-9960""=[This information was not provided by the originator (participant or sensor)] |""-9985""=[Data was invalid (wrong format, wrong or unknown units, not parseable, or impossible value)] |""-9944""=[This element (question or variable) was not presented to user for collection (reason unspecified)]",,,,,,,
race_ethn_asian_detail_3___3,What is your race? Mark one or more boxes AND print origins.,,boolean,,,"""0""=[(not selected) Chinese, except Taiwanese] |""1""=[Chinese, except Taiwanese] ","""-9999""=[Reason Unknown] |""-9960""=[This information was not provided by the originator (participant or sensor)] |""-9985""=[Data was invalid (wrong format, wrong or unknown units, not parseable, or impossible value)] |""-9944""=[This element (question or variable) was not presented to user for collection (reason unspecified)]",,,,,,,
race_ethn_asian_detail_3___4,What is your race? Mark one or more boxes AND print origins.,,boolean,,,"""0""=[(not selected) Korean] |""1""=[Korean] ","""-9999""=[Reason Unknown] |""-9960""=[This information was not provided by the originator (participant or sensor)] |""-9985""=[Data was invalid (wrong format, wrong or unknown units, not parseable, or impossible value)] |""-9944""=[This element (question or variable) was not presented to user for collection (reason unspecified)]",,,,,,,
race_ethn_asian_detail_3___5,What is your race? Mark one or more boxes AND print origins.,,boolean,,,"""0""=[(not selected) Other Asian] |""1""=[Other Asian] ","""-9999""=[Reason Unknown] |""-9960""=[This information was not provided by the originator (participant or sensor)] |""-9985""=[Data was invalid (wrong format, wrong or unknown units, not parseable, or impossible value)] |""-9944""=[This element (question or variable) was not presented to user for collection (reason unspecified)]",,,,,,,
race_ethn_asian_detail_3___99,What is your race? Mark one or more boxes AND print origins.,,boolean,,,"""0""=[(not selected) Prefer not to answer] |""1""=[Prefer not to answer] ","""-9999""=[Reason Unknown] |""-9960""=[This information was not provided by the originator (participant or sensor)] |""-9985""=[Data was invalid (wrong format, wrong or unknown units, not parseable, or impossible value)] |""-9944""=[This element (question or variable) was not presented to user for collection (reason unspecified)]",,,,,,,
nih_ethnicity,Are you of Hispanic or Latino origin? May include Spanish origin.,NCIT:C16564,integer,,,"""0""=[No, not of Hispanic or Latino origin] |
""1""=[Yes, of Hispanic or Latino origin] |
""97""=[Other] |
""98""=[Don't Know] |
""99""=[Prefer not to answer]","""-9999""=[Reason Unknown] |""-9960""=[This information was not provided by the originator (participant or sensor)] |""-9985""=[Data was invalid (wrong format, wrong or unknown units, not parseable, or impossible value)] |""-9944""=[This element (question or variable) was not presented to user for collection (reason unspecified)]",,,Ethnicity,single,,,
race_ethn_hispanic_detail_2___1,Please specify your origin,,boolean,,,"""0""=[(not selected) Mexican, Mexican Am., Chicano] |""1""=[Mexican, Mexican Am., Chicano] ","""-9999""=[Reason Unknown] |""-9960""=[This information was not provided by the originator (participant or sensor)] |""-9985""=[Data was invalid (wrong format, wrong or unknown units, not parseable, or impossible value)] |""-9944""=[This element (question or variable) was not presented to user for collection (reason unspecified)]",,,,,,,
race_ethn_hispanic_detail_2___2,Please specify your origin,,boolean,,,"""0""=[(not selected) Puerto Rican] |""1""=[Puerto Rican] ","""-9999""=[Reason Unknown] |""-9960""=[This information was not provided by the originator (participant or sensor)] |""-9985""=[Data was invalid (wrong format, wrong or unknown units, not parseable, or impossible value)] |""-9944""=[This element (question or variable) was not presented to user for collection (reason unspecified)]",,,,,,,
race_ethn_hispanic_detail_2___3,Please specify your origin,,boolean,,,"""0""=[(not selected) Cuban] |""1""=[Cuban] ","""-9999""=[Reason Unknown] |""-9960""=[This information was not provided by the originator (participant or sensor)] |""-9985""=[Data was invalid (wrong format, wrong or unknown units, not parseable, or impossible value)] |""-9944""=[This element (question or variable) was not presented to user for collection (reason unspecified)]",,,,,,,
race_ethn_hispanic_detail_2___4,Please specify your origin,,boolean,,,"""0""=[(not selected) Another Hispanic, Latino, or Spanish origin] |""1""=[Another Hispanic, Latino, or Spanish origin] ","""-9999""=[Reason Unknown] |""-9960""=[This information was not provided by the originator (participant or sensor)] |""-9985""=[Data was invalid (wrong format, wrong or unknown units, not parseable, or impossible value)] |""-9944""=[This element (question or variable) was not presented to user for collection (reason unspecified)]",,,,,,,
race_ethn_hispanic_detail_2___5,Please specify your origin,,boolean,,,"""0""=[(not selected) Salvadoran] |""1""=[Salvadoran] ","""-9999""=[Reason Unknown] |""-9960""=[This information was not provided by the originator (participant or sensor)] |""-9985""=[Data was invalid (wrong format, wrong or unknown units, not parseable, or impossible value)] |""-9944""=[This element (question or variable) was not presented to user for collection (reason unspecified)]",,,,,,,
race_ethn_hispanic_detail_2___6,Please specify your origin,,boolean,,,"""0""=[(not selected) Dominican] |""1""=[Dominican] ","""-9999""=[Reason Unknown] |""-9960""=[This information was not provided by the originator (participant or sensor)] |""-9985""=[Data was invalid (wrong format, wrong or unknown units, not parseable, or impossible value)] |""-9944""=[This element (question or variable) was not presented to user for collection (reason unspecified)]",,,,,,,
race_ethn_hispanic_detail_2___7,Please specify your origin,,boolean,,,"""0""=[(not selected) Colombian] |""1""=[Colombian] ","""-9999""=[Reason Unknown] |""-9960""=[This information was not provided by the originator (participant or sensor)] |""-9985""=[Data was invalid (wrong format, wrong or unknown units, not parseable, or impossible value)] |""-9944""=[This element (question or variable) was not presented to user for collection (reason unspecified)]",,,,,,,
race_ethn_hispanic_detail_2___99,Please specify your origin,,boolean,,,"""0""=[(not selected) Prefer not to answer] |""1""=[Prefer not to answer] ","""-9999""=[Reason Unknown] |""-9960""=[This information was not provided by the originator (participant or sensor)] |""-9985""=[Data was invalid (wrong format, wrong or unknown units, not parseable, or impossible value)] |""-9944""=[This element (question or variable) was not presented to user for collection (reason unspecified)]",,,,,,,
race_ethn_islander_detail_2___1,What is your race? Mark one or more boxes AND print origins.,,boolean,,,"""0""=[(not selected) Native Hawaiian] |""1""=[Native Hawaiian] ","""-9999""=[Reason Unknown] |""-9960""=[This information was not provided by the originator (participant or sensor)] |""-9985""=[Data was invalid (wrong format, wrong or unknown units, not parseable, or impossible value)] |""-9944""=[This element (question or variable) was not presented to user for collection (reason unspecified)]",,,,,,,
race_ethn_islander_detail_2___10,What is your race? Mark one or more boxes AND print origins.,,boolean,,,"""0""=[(not selected) Marshallese] |""1""=[Marshallese] ","""-9999""=[Reason Unknown] |""-9960""=[This information was not provided by the originator (participant or sensor)] |""-9985""=[Data was invalid (wrong format, wrong or unknown units, not parseable, or impossible value)] |""-9944""=[This element (question or variable) was not presented to user for collection (reason unspecified)]",,,,,,,
race_ethn_islander_detail_2___11,What is your race? Mark one or more boxes AND print origins.,,boolean,,,"""0""=[(not selected) Palauan] |""1""=[Palauan] ","""-9999""=[Reason Unknown] |""-9960""=[This information was not provided by the originator (participant or sensor)] |""-9985""=[Data was invalid (wrong format, wrong or unknown units, not parseable, or impossible value)] |""-9944""=[This element (question or variable) was not presented to user for collection (reason unspecified)]",,,,,,,
race_ethn_islander_detail_2___12,What is your race? Mark one or more boxes AND print origins.,,boolean,,,"""0""=[(not selected) Pohnpeian] |""1""=[Pohnpeian] ","""-9999""=[Reason Unknown] |""-9960""=[This information was not provided by the originator (participant or sensor)] |""-9985""=[Data was invalid (wrong format, wrong or unknown units, not parseable, or impossible value)] |""-9944""=[This element (question or variable) was not presented to user for collection (reason unspecified)]",,,,,,,
race_ethn_islander_detail_2___13,What is your race? Mark one or more boxes AND print origins.,,boolean,,,"""0""=[(not selected) Yapese] |""1""=[Yapese] ","""-9999""=[Reason Unknown] |""-9960""=[This information was not provided by the originator (participant or sensor)] |""-9985""=[Data was invalid (wrong format, wrong or unknown units, not parseable, or impossible value)] |""-9944""=[This element (question or variable) was not presented to user for collection (reason unspecified)]",,,,,,,
race_ethn_islander_detail_2___14,What is your race? Mark one or more boxes AND print origins.,,boolean,,,"""0""=[(not selected) Other Pacific Islander] |""1""=[Other Pacific Islander] ","""-9999""=[Reason Unknown] |""-9960""=[This information was not provided by the originator (participant or sensor)] |""-9985""=[Data was invalid (wrong format, wrong or unknown units, not parseable, or impossible value)] |""-9944""=[This element (question or variable) was not presented to user for collection (reason unspecified)]",,,,,,,
race_ethn_islander_detail_2___2,What is your race? Mark one or more boxes AND print origins.,,boolean,,,"""0""=[(not selected) Pacific Islander] |""1""=[Pacific Islander] ","""-9999""=[Reason Unknown] |""-9960""=[This information was not provided by the originator (participant or sensor)] |""-9985""=[Data was invalid (wrong format, wrong or unknown units, not parseable, or impossible value)] |""-9944""=[This element (question or variable) was not presented to user for collection (reason unspecified)]",,,,,,,
race_ethn_islander_detail_2___3,What is your race? Mark one or more boxes AND print origins.,,boolean,,,"""0""=[(not selected) Samoan] |""1""=[Samoan] ","""-9999""=[Reason Unknown] |""-9960""=[This information was not provided by the originator (participant or sensor)] |""-9985""=[Data was invalid (wrong format, wrong or unknown units, not parseable, or impossible value)] |""-9944""=[This element (question or variable) was not presented to user for collection (reason unspecified)]",,,,,,,
race_ethn_islander_detail_2___4,What is your race? Mark one or more boxes AND print origins.,,boolean,,,"""0""=[(not selected) Tongan] |""1""=[Tongan] ","""-9999""=[Reason Unknown] |""-9960""=[This information was not provided by the originator (participant or sensor)] |""-9985""=[Data was invalid (wrong format, wrong or unknown units, not parseable, or impossible value)] |""-9944""=[This element (question or variable) was not presented to user for collection (reason unspecified)]",,,,,,,
race_ethn_islander_detail_2___5,What is your race? Mark one or more boxes AND print origins.,,boolean,,,"""0""=[(not selected) Maori] |""1""=[Maori] ","""-9999""=[Reason Unknown] |""-9960""=[This information was not provided by the originator (participant or sensor)] |""-9985""=[Data was invalid (wrong format, wrong or unknown units, not parseable, or impossible value)] |""-9944""=[This element (question or variable) was not presented to user for collection (reason unspecified)]",,,,,,,
race_ethn_islander_detail_2___6,What is your race? Mark one or more boxes AND print origins.,,boolean,,,"""0""=[(not selected) Fijian] |""1""=[Fijian] ","""-9999""=[Reason Unknown] |""-9960""=[This information was not provided by the originator (participant or sensor)] |""-9985""=[Data was invalid (wrong format, wrong or unknown units, not parseable, or impossible value)] |""-9944""=[This element (question or variable) was not presented to user for collection (reason unspecified)]",,,,,,,
race_ethn_islander_detail_2___7,What is your race? Mark one or more boxes AND print origins.,,boolean,,,"""0""=[(not selected) Chamorro] |""1""=[Chamorro] ","""-9999""=[Reason Unknown] |""-9960""=[This information was not provided by the originator (participant or sensor)] |""-9985""=[Data was invalid (wrong format, wrong or unknown units, not parseable, or impossible value)] |""-9944""=[This element (question or variable) was not presented to user for collection (reason unspecified)]",,,,,,,
race_ethn_islander_detail_2___8,What is your race? Mark one or more boxes AND print origins.,,boolean,,,"""0""=[(not selected) Chuukese] |""1""=[Chuukese] ","""-9999""=[Reason Unknown] |""-9960""=[This information was not provided by the originator (participant or sensor)] |""-9985""=[Data was invalid (wrong format, wrong or unknown units, not parseable, or impossible value)] |""-9944""=[This element (question or variable) was not presented to user for collection (reason unspecified)]",,,,,,,
race_ethn_islander_detail_2___9,What is your race? Mark one or more boxes AND print origins.,,boolean,,,"""0""=[(not selected) Kosraen] |""1""=[Kosraen] ","""-9999""=[Reason Unknown] |""-9960""=[This information was not provided by the originator (participant or sensor)] |""-9985""=[Data was invalid (wrong format, wrong or unknown units, not parseable, or impossible value)] |""-9944""=[This element (question or variable) was not presented to user for collection (reason unspecified)]",,,,,,,
race_ethn_islander_detail_2___99,What is your race? Mark one or more boxes AND print origins.,,boolean,,,"""0""=[(not selected) Prefer not to answer] |""1""=[Prefer not to answer] ","""-9999""=[Reason Unknown] |""-9960""=[This information was not provided by the originator (participant or sensor)] |""-9985""=[Data was invalid (wrong format, wrong or unknown units, not parseable, or impossible value)] |""-9944""=[This element (question or variable) was not presented to user for collection (reason unspecified)]",,,,,,,
recentmonth_covidtest_2,What month did you have your most recent COVID-19 test?,,int,,,"""1""=[January] |""10""=[October] |""11""=[November] |""12""=[December] |""2""=[February] |""3""=[March] |""4""=[April] |""5""=[May] |""6""=[June] |""7""=[July] |""8""=[August] |""9""=[September] |""99""=[Prefer not to answer] ","""-9999""=[Reason Unknown] |""-9960""=[This information was not provided by the originator (participant or sensor)] |""-9985""=[Data was invalid (wrong format, wrong or unknown units, not parseable, or impossible value)] |""-9944""=[This element (question or variable) was not presented to user for collection (reason unspecified)]",,,,,,,
recentresult_covidtest,What was the result of your most recent COVID-19 test?,,int,,,"""1""=[Negative] |""2""=[Positive] |""3""=[Never obtained results] |""4""=[Indeterminate] |""98""=[Don't know] |""99""=[Prefer not to answer] ","""-9999""=[Reason Unknown] |""-9960""=[This information was not provided by the originator (participant or sensor)] |""-9985""=[Data was invalid (wrong format, wrong or unknown units, not parseable, or impossible value)] |""-9944""=[This element (question or variable) was not presented to user for collection (reason unspecified)]",,,,,,,
recentyear_covidtest_3,What year did you have your most recent COVID-19 test?,,int,,,"""1""=[2019] |""2""=[2020] |""3""=[2021] |""4""=[2022] |""5""=[2023] |""6""=[2024] |""7""=[2025] |""99""=[Prefer not to answer] ","""-9999""=[Reason Unknown] |""-9960""=[This information was not provided by the originator (participant or sensor)] |""-9985""=[Data was invalid (wrong format, wrong or unknown units, not parseable, or impossible value)] |""-9944""=[This element (question or variable) was not presented to user for collection (reason unspecified)]",,,,,,,
redcap_event_name,REDCap event name used to label longitudinal data,,string,,,,"""-9999""=[Reason Unknown] |""-9960""=[This information was not provided by the originator (participant or sensor)] |""-9985""=[Data was invalid (wrong format, wrong or unknown units, not parseable, or impossible value)] |""-9944""=[This element (question or variable) was not presented to user for collection (reason unspecified)]",,,,,,,
redcap_repeat_instance,REDcap repeating instance counter for instruments,,string,,,,"""-9999""=[Reason Unknown] |""-9960""=[This information was not provided by the originator (participant or sensor)] |""-9985""=[Data was invalid (wrong format, wrong or unknown units, not parseable, or impossible value)] |""-9944""=[This element (question or variable) was not presented to user for collection (reason unspecified)]",,,,,,,
redcap_repeat_instrument,REDCap instrument that may be repeated,,string,,,,"""-9999""=[Reason Unknown] |""-9960""=[This information was not provided by the originator (participant or sensor)] |""-9985""=[Data was invalid (wrong format, wrong or unknown units, not parseable, or impossible value)] |""-9944""=[This element (question or variable) was not presented to user for collection (reason unspecified)]",,,,,,,
nih_disability,"Do you have a disability, including serious physical or mental conditions, that interfere with your ability to carry out daily activities?","NCIT:C21007
GSSO:001811
GSSO:001810",integer,,,"""0""=[No] |
""1""=[Yes] |
""97""=[Other] |
""98""=[Don’t know] |
""99""=[Prefer not to answer]","""-9999""=[Reason Unknown] |""-9960""=[This information was not provided by the originator (participant or sensor)] |""-9985""=[Data was invalid (wrong format, wrong or unknown units, not parseable, or impossible value)] |""-9944""=[This element (question or variable) was not presented to user for collection (reason unspecified)]",,,Disability Status,single,,,
nih_health_status,"Would you say that (your) health in general is excellent, very good, good, fair, or poor?",,integer,,,"""0""=[Excellent] |
""1""=[Very Good] |
""2""=[Good] |
""3""=[Fair] |
""4""=[Poor] |
""98""=[Don't know] |
""99""=[Prefer not to state]","""-9999""=[Reason Unknown] |""-9960""=[This information was not provided by the originator (participant or sensor)] |""-9985""=[Data was invalid (wrong format, wrong or unknown units, not parseable, or impossible value)] |""-9944""=[This element (question or variable) was not presented to user for collection (reason unspecified)]",,,Health Status,single,,,
self_reported_weight_units_2,Please choose the units you would like to use for weight,,int,,,"""1""=[Kilograms] |""2""=[Pounds] |""99""=[Prefer not to answer] ","""-9999""=[Reason Unknown] |""-9960""=[This information was not provided by the originator (participant or sensor)] |""-9985""=[Data was invalid (wrong format, wrong or unknown units, not parseable, or impossible value)] |""-9944""=[This element (question or variable) was not presented to user for collection (reason unspecified)]",,,,,,,
sex_orient_id,Which of the following best represents how you think of yourself at this time?,,int,,,"""1""=[Gay] |""2""=[Lesbian] |""3""=[Straight; that is, not gay or lesbian, etc.] |""4""=[Bisexual] |""96""=[None of these describe me] |""99""=[Prefer not to answer] ","""-9999""=[Reason Unknown] |""-9960""=[This information was not provided by the originator (participant or sensor)] |""-9985""=[Data was invalid (wrong format, wrong or unknown units, not parseable, or impossible value)] |""-9944""=[This element (question or variable) was not presented to user for collection (reason unspecified)]",,,,,,,
nih_history_smoking,History of Smoking,"NCIT:C173060
NCIT:C154329
NCIT:C17934",integer,,,"""0""=[No] |
""1""=[Yes] |
""97""=[Other] |
""98""=[Don’t know] |
""99""=[Prefer not to answer]","""-9999""=[Reason Unknown] |""-9960""=[This information was not provided by the originator (participant or sensor)] |""-9985""=[Data was invalid (wrong format, wrong or unknown units, not parseable, or impossible value)] |""-9944""=[This element (question or variable) was not presented to user for collection (reason unspecified)]",,,Medical History,single,,,
sociodem_date_mdy,Date of Sociodemographic Data Collection,,dateTime,,,,"""-9999""=[Reason Unknown] |""-9960""=[This information was not provided by the originator (participant or sensor)] |""-9985""=[Data was invalid (wrong format, wrong or unknown units, not parseable, or impossible value)] |""-9944""=[This element (question or variable) was not presented to user for collection (reason unspecified)]",,,,,,,
stable_housing,"In the past two months, have you been staying in the same place? ",,int,,,"""0""=[No] |""1""=[Yes] |""98""=[Prefer not to answer] |""99""=[Don't know] ","""-9999""=[Reason Unknown] |""-9960""=[This information was not provided by the originator (participant or sensor)] |""-9985""=[Data was invalid (wrong format, wrong or unknown units, not parseable, or impossible value)] |""-9944""=[This element (question or variable) was not presented to user for collection (reason unspecified)]",,,,,,,
test_accesseasy_2,It is easy to get tested for COVID-19.,,int,,,"""0""=[Strongly disagree] |""1""=[Disagree] |""2""=[Neither disagree or agree] |""3""=[Agree] |""4""=[Strongly agree] |""99""=[Prefer not to answer] ","""-9999""=[Reason Unknown] |""-9960""=[This information was not provided by the originator (participant or sensor)] |""-9985""=[Data was invalid (wrong format, wrong or unknown units, not parseable, or impossible value)] |""-9944""=[This element (question or variable) was not presented to user for collection (reason unspecified)]",,,,,,,
test_accesswhere_2,I know where I can get COVID-19 testing in my community.,,int,,,"""0""=[Strongly disagree] |""1""=[Disagree] |""2""=[Neither disagree or agree] |""3""=[Agree] |""4""=[Strongly agree] |""99""=[Prefer not to answer] ","""-9999""=[Reason Unknown] |""-9960""=[This information was not provided by the originator (participant or sensor)] |""-9985""=[Data was invalid (wrong format, wrong or unknown units, not parseable, or impossible value)] |""-9944""=[This element (question or variable) was not presented to user for collection (reason unspecified)]",,,,,,,
test_date_mdy,Date of Testing Collection,,dateTime,,,,"""-9999""=[Reason Unknown] |""-9960""=[This information was not provided by the originator (participant or sensor)] |""-9985""=[Data was invalid (wrong format, wrong or unknown units, not parseable, or impossible value)] |""-9944""=[This element (question or variable) was not presented to user for collection (reason unspecified)]",,,,,,,
test_intent_2,I plan to get tested as often as needed. ,,int,,,"""0""=[Strongly Disagree] |""1""=[Disagree] |""2""=[Neither disagree or agree] |""3""=[Agree] |""4""=[Strongly agree] |""99""=[Prefer not to answer] ","""-9999""=[Reason Unknown] |""-9960""=[This information was not provided by the originator (participant or sensor)] |""-9985""=[Data was invalid (wrong format, wrong or unknown units, not parseable, or impossible value)] |""-9944""=[This element (question or variable) was not presented to user for collection (reason unspecified)]",,,,,,,
test_pbenearound_2,To know if I am safe not to give COVID-19 to anyone I am around.,,int,,,"""0""=[Not at all] |""1""=[Slightly] |""2""=[Somewhat] |""3""=[Moderately] |""4""=[Very much] |""99""=[Prefer not to answer] ","""-9999""=[Reason Unknown] |""-9960""=[This information was not provided by the originator (participant or sensor)] |""-9985""=[Data was invalid (wrong format, wrong or unknown units, not parseable, or impossible value)] |""-9944""=[This element (question or variable) was not presented to user for collection (reason unspecified)]",,,,,,,
test_pbeneexposed_2,Believe that I was exposed to someone who has COVID-19.,,int,,,"""0""=[Not at all] |""1""=[Slightly] |""2""=[Somewhat] |""3""=[Moderately] |""4""=[Very much] |""99""=[Prefer not to answer] ","""-9999""=[Reason Unknown] |""-9960""=[This information was not provided by the originator (participant or sensor)] |""-9985""=[Data was invalid (wrong format, wrong or unknown units, not parseable, or impossible value)] |""-9944""=[This element (question or variable) was not presented to user for collection (reason unspecified)]",,,,,,,
test_pbenepos_2,To get treated early (if I am positive).,,int,,,"""0""=[Not at all] |""1""=[Slightly] |""2""=[Somewhat] |""3""=[Moderately] |""4""=[Very much] |""99""=[Prefer not to answer] ","""-9999""=[Reason Unknown] |""-9960""=[This information was not provided by the originator (participant or sensor)] |""-9985""=[Data was invalid (wrong format, wrong or unknown units, not parseable, or impossible value)] |""-9944""=[This element (question or variable) was not presented to user for collection (reason unspecified)]",,,,,,,
test_pbenesafe_2,To know if I am safe not to give COVID-19 to friends and family.,,int,,,"""0""=[Not at all] |""1""=[Slightly] |""2""=[Somewhat] |""3""=[Moderately] |""4""=[Very much] |""99""=[Prefer not to answer] ","""-9999""=[Reason Unknown] |""-9960""=[This information was not provided by the originator (participant or sensor)] |""-9985""=[Data was invalid (wrong format, wrong or unknown units, not parseable, or impossible value)] |""-9944""=[This element (question or variable) was not presented to user for collection (reason unspecified)]",,,,,,,
test_pbenework_2,To let my employer know that I am safe to work.,,int,,,"""0""=[Not at all] |""1""=[Slightly] |""2""=[Somewhat] |""3""=[Moderately] |""4""=[Very much] |""99""=[Prefer not to answer] ","""-9999""=[Reason Unknown] |""-9960""=[This information was not provided by the originator (participant or sensor)] |""-9985""=[Data was invalid (wrong format, wrong or unknown units, not parseable, or impossible value)] |""-9944""=[This element (question or variable) was not presented to user for collection (reason unspecified)]",,,,,,,
test_pbeneworry_2,Reduce worry that I might have COVID-19.,,int,,,"""0""=[Not at all] |""1""=[Slightly] |""2""=[Somewhat] |""3""=[Moderately] |""4""=[Very much] |""99""=[Prefer not to answer] ","""-9999""=[Reason Unknown] |""-9960""=[This information was not provided by the originator (participant or sensor)] |""-9985""=[Data was invalid (wrong format, wrong or unknown units, not parseable, or impossible value)] |""-9944""=[This element (question or variable) was not presented to user for collection (reason unspecified)]",,,,,,,
test_priskcontact_2,"If I'm positive, officials will need to contact the people I've been in contact with.",,int,,,"""0""=[Not at all] |""1""=[Slightly] |""2""=[Somewhat] |""3""=[Moderately] |""4""=[Very much] |""99""=[Prefer not to answer] ","""-9999""=[Reason Unknown] |""-9960""=[This information was not provided by the originator (participant or sensor)] |""-9985""=[Data was invalid (wrong format, wrong or unknown units, not parseable, or impossible value)] |""-9944""=[This element (question or variable) was not presented to user for collection (reason unspecified)]",,,,,,,
test_priskhlthcare_2,Difficult to get needed healthcare if I have it.,,int,,,"""0""=[Not at all] |""1""=[Slightly] |""2""=[Somewhat] |""3""=[Moderately] |""4""=[Very much] |""99""=[Prefer not to answer] ","""-9999""=[Reason Unknown] |""-9960""=[This information was not provided by the originator (participant or sensor)] |""-9985""=[Data was invalid (wrong format, wrong or unknown units, not parseable, or impossible value)] |""-9944""=[This element (question or variable) was not presented to user for collection (reason unspecified)]",,,,,,,
test_priskknow_2,I don't want to know if I have it.,,int,,,"""0""=[Not at all] |""1""=[Slightly] |""2""=[Somewhat] |""3""=[Moderately] |""4""=[Very much] |""99""=[Prefer not to answer] ","""-9999""=[Reason Unknown] |""-9960""=[This information was not provided by the originator (participant or sensor)] |""-9985""=[Data was invalid (wrong format, wrong or unknown units, not parseable, or impossible value)] |""-9944""=[This element (question or variable) was not presented to user for collection (reason unspecified)]",,,,,,,
test_prisklater_2,"Even if I don't have it when tested, I can still get COVID-19 later.",,int,,,"""0""=[Not at all] |""1""=[Slightly] |""2""=[Somewhat] |""3""=[Moderately] |""4""=[Very much] |""99""=[Prefer not to answer] ","""-9999""=[Reason Unknown] |""-9960""=[This information was not provided by the originator (participant or sensor)] |""-9985""=[Data was invalid (wrong format, wrong or unknown units, not parseable, or impossible value)] |""-9944""=[This element (question or variable) was not presented to user for collection (reason unspecified)]",,,,,,,
test_prisknohelp_2,Not much they can do for me if I have it.,,int,,,"""0""=[Not at all] |""1""=[Slightly] |""2""=[Somewhat] |""3""=[Moderately] |""4""=[Very much] |""99""=[Prefer not to answer] ","""-9999""=[Reason Unknown] |""-9960""=[This information was not provided by the originator (participant or sensor)] |""-9985""=[Data was invalid (wrong format, wrong or unknown units, not parseable, or impossible value)] |""-9944""=[This element (question or variable) was not presented to user for collection (reason unspecified)]",,,,,,,
test_prisknosymp_2,I don't have COVID-19 symptoms so I don't need to be tested.,,int,,,"""0""=[Not at all] |""1""=[Slightly] |""2""=[Somewhat] |""3""=[Moderately] |""4""=[Very much] |""99""=[Prefer not to answer] ","""-9999""=[Reason Unknown] |""-9960""=[This information was not provided by the originator (participant or sensor)] |""-9985""=[Data was invalid (wrong format, wrong or unknown units, not parseable, or impossible value)] |""-9944""=[This element (question or variable) was not presented to user for collection (reason unspecified)]",,,,,,,
tested_for_covid,Have you ever been tested for COVID-19?,,int,,,"""1""=[Yes] |""2""=[No] |""98""=[Don't know] |""99""=[Prefer not to answer] ","""-9999""=[Reason Unknown] |""-9960""=[This information was not provided by the originator (participant or sensor)] |""-9985""=[Data was invalid (wrong format, wrong or unknown units, not parseable, or impossible value)] |""-9944""=[This element (question or variable) was not presented to user for collection (reason unspecified)]",,,,,,,
tested_positive_for_covid,Have you ever tested positive for COVID-19?,,int,,,"""1""=[Yes] |""2""=[No] |""98""=[Don't know] |""99""=[Prefer not to answer] ","""-9999""=[Reason Unknown] |""-9960""=[This information was not provided by the originator (participant or sensor)] |""-9985""=[Data was invalid (wrong format, wrong or unknown units, not parseable, or impossible value)] |""-9944""=[This element (question or variable) was not presented to user for collection (reason unspecified)]",,,,,,,
vacc_date_mdy,Date of Vaccine Acceptance Collection,,dateTime,,,,"""-9999""=[Reason Unknown] |""-9960""=[This information was not provided by the originator (participant or sensor)] |""-9985""=[Data was invalid (wrong format, wrong or unknown units, not parseable, or impossible value)] |""-9944""=[This element (question or variable) was not presented to user for collection (reason unspecified)]",,,,,,,
vaccine_avail,How likely are you to get an approved COVID-19 vaccine when it becomes available? ,,int,,,"""1""=[Very likely] |""2""=[Fairly likely] |""3""=[Not too likely] |""4""=[Not at all likely] |""5""=[Definitely not] |""97""=[Not applicable] |""98""=[Don't know] |""99""=[Prefer not to answer] ","""-9999""=[Reason Unknown] |""-9960""=[This information was not provided by the originator (participant or sensor)] |""-9985""=[Data was invalid (wrong format, wrong or unknown units, not parseable, or impossible value)] |""-9944""=[This element (question or variable) was not presented to user for collection (reason unspecified)]",,,,,,,
vaccine_concerns_3___1,Why would you NOT get a COVID-19 vaccine? ,,boolean,,,"""0""=[(not selected) I'm allergic to vaccines] |""1""=[I'm allergic to vaccines] ","""-9999""=[Reason Unknown] |""-9960""=[This information was not provided by the originator (participant or sensor)] |""-9985""=[Data was invalid (wrong format, wrong or unknown units, not parseable, or impossible value)] |""-9944""=[This element (question or variable) was not presented to user for collection (reason unspecified)]",,,,,,,
vaccine_concerns_3___10,Why would you NOT get a COVID-19 vaccine? ,,boolean,,,"""0""=[(not selected) Other] |""1""=[Other] ","""-9999""=[Reason Unknown] |""-9960""=[This information was not provided by the originator (participant or sensor)] |""-9985""=[Data was invalid (wrong format, wrong or unknown units, not parseable, or impossible value)] |""-9944""=[This element (question or variable) was not presented to user for collection (reason unspecified)]",,,,,,,
vaccine_concerns_3___2,Why would you NOT get a COVID-19 vaccine? ,,boolean,,,"""0""=[(not selected) I don't like needles] |""1""=[I don't like needles] ","""-9999""=[Reason Unknown] |""-9960""=[This information was not provided by the originator (participant or sensor)] |""-9985""=[Data was invalid (wrong format, wrong or unknown units, not parseable, or impossible value)] |""-9944""=[This element (question or variable) was not presented to user for collection (reason unspecified)]",,,,,,,
vaccine_concerns_3___3,Why would you NOT get a COVID-19 vaccine? ,,boolean,,,"""0""=[(not selected) I'm not concerned about getting really sick from COVID-19] |""1""=[I'm not concerned about getting really sick from COVID-19] ","""-9999""=[Reason Unknown] |""-9960""=[This information was not provided by the originator (participant or sensor)] |""-9985""=[Data was invalid (wrong format, wrong or unknown units, not parseable, or impossible value)] |""-9944""=[This element (question or variable) was not presented to user for collection (reason unspecified)]",,,,,,,
vaccine_concerns_3___4,Why would you NOT get a COVID-19 vaccine? ,,boolean,,,"""0""=[(not selected) I'm concerned about side effects from the vaccine] |""1""=[I'm concerned about side effects from the vaccine] ","""-9999""=[Reason Unknown] |""-9960""=[This information was not provided by the originator (participant or sensor)] |""-9985""=[Data was invalid (wrong format, wrong or unknown units, not parseable, or impossible value)] |""-9944""=[This element (question or variable) was not presented to user for collection (reason unspecified)]",,,,,,,
vaccine_concerns_3___5,Why would you NOT get a COVID-19 vaccine? ,,boolean,,,"""0""=[(not selected) I don't think vaccines work very well] |""1""=[I don't think vaccines work very well] ","""-9999""=[Reason Unknown] |""-9960""=[This information was not provided by the originator (participant or sensor)] |""-9985""=[Data was invalid (wrong format, wrong or unknown units, not parseable, or impossible value)] |""-9944""=[This element (question or variable) was not presented to user for collection (reason unspecified)]",,,,,,,
vaccine_concerns_3___6,Why would you NOT get a COVID-19 vaccine? ,,boolean,,,"""0""=[(not selected) I don't trust that the vaccine will be safe] |""1""=[I don't trust that the vaccine will be safe] ","""-9999""=[Reason Unknown] |""-9960""=[This information was not provided by the originator (participant or sensor)] |""-9985""=[Data was invalid (wrong format, wrong or unknown units, not parseable, or impossible value)] |""-9944""=[This element (question or variable) was not presented to user for collection (reason unspecified)]",,,,,,,
vaccine_concerns_3___7,Why would you NOT get a COVID-19 vaccine? ,,boolean,,,"""0""=[(not selected) I don't believe the COVID-19 pandemic is as bad as some people say it is] |""1""=[I don't believe the COVID-19 pandemic is as bad as some people say it is] ","""-9999""=[Reason Unknown] |""-9960""=[This information was not provided by the originator (participant or sensor)] |""-9985""=[Data was invalid (wrong format, wrong or unknown units, not parseable, or impossible value)] |""-9944""=[This element (question or variable) was not presented to user for collection (reason unspecified)]",,,,,,,
vaccine_concerns_3___8,Why would you NOT get a COVID-19 vaccine? ,,boolean,,,"""0""=[(not selected) I don't want to pay for it] |""1""=[I don't want to pay for it] ","""-9999""=[Reason Unknown] |""-9960""=[This information was not provided by the originator (participant or sensor)] |""-9985""=[Data was invalid (wrong format, wrong or unknown units, not parseable, or impossible value)] |""-9944""=[This element (question or variable) was not presented to user for collection (reason unspecified)]",,,,,,,
vaccine_concerns_3___9,Why would you NOT get a COVID-19 vaccine? ,,boolean,,,"""0""=[(not selected) I don't know enough about how well a COVID-19 vaccine works] |""1""=[I don't know enough about how well a COVID-19 vaccine works] ","""-9999""=[Reason Unknown] |""-9960""=[This information was not provided by the originator (participant or sensor)] |""-9985""=[Data was invalid (wrong format, wrong or unknown units, not parseable, or impossible value)] |""-9944""=[This element (question or variable) was not presented to user for collection (reason unspecified)]",,,,,,,
vaccine_concerns_3___96,Why would you NOT get a COVID-19 vaccine? ,,boolean,,,"""0""=[(not selected) Not Applicable] |""1""=[Not Applicable] ","""-9999""=[Reason Unknown] |""-9960""=[This information was not provided by the originator (participant or sensor)] |""-9985""=[Data was invalid (wrong format, wrong or unknown units, not parseable, or impossible value)] |""-9944""=[This element (question or variable) was not presented to user for collection (reason unspecified)]",,,,,,,
vaccine_literacy,"How often do you need someone to help you to understand information or guidance from your doctor, nurse or pharmacist?",,int,,,"""1""=[Often] |""2""=[Sometimes] |""3""=[Rarely] |""98""=[Don't know] |""99""=[Prefer not to answer] ","""-9999""=[Reason Unknown] |""-9960""=[This information was not provided by the originator (participant or sensor)] |""-9985""=[Data was invalid (wrong format, wrong or unknown units, not parseable, or impossible value)] |""-9944""=[This element (question or variable) was not presented to user for collection (reason unspecified)]",,,,,,,
vaccine_reasons_3___1,Why would you get a COVID-19 vaccine?,,boolean,,,"""0""=[(not selected) I want to keep my family safe] |""1""=[I want to keep my family safe] ","""-9999""=[Reason Unknown] |""-9960""=[This information was not provided by the originator (participant or sensor)] |""-9985""=[Data was invalid (wrong format, wrong or unknown units, not parseable, or impossible value)] |""-9944""=[This element (question or variable) was not presented to user for collection (reason unspecified)]",,,,,,,
vaccine_reasons_3___10,Why would you get a COVID-19 vaccine?,,boolean,,,"""0""=[(not selected) Required by my school or workplace] |""1""=[Required by my school or workplace] ","""-9999""=[Reason Unknown] |""-9960""=[This information was not provided by the originator (participant or sensor)] |""-9985""=[Data was invalid (wrong format, wrong or unknown units, not parseable, or impossible value)] |""-9944""=[This element (question or variable) was not presented to user for collection (reason unspecified)]",,,,,,,
vaccine_reasons_3___11,Why would you get a COVID-19 vaccine?,,boolean,,,"""0""=[(not selected) Required for travel] |""1""=[Required for travel] ","""-9999""=[Reason Unknown] |""-9960""=[This information was not provided by the originator (participant or sensor)] |""-9985""=[Data was invalid (wrong format, wrong or unknown units, not parseable, or impossible value)] |""-9944""=[This element (question or variable) was not presented to user for collection (reason unspecified)]",,,,,,,
vaccine_reasons_3___2,Why would you get a COVID-19 vaccine?,,boolean,,,"""0""=[(not selected) I want to keep my community safe] |""1""=[I want to keep my community safe] ","""-9999""=[Reason Unknown] |""-9960""=[This information was not provided by the originator (participant or sensor)] |""-9985""=[Data was invalid (wrong format, wrong or unknown units, not parseable, or impossible value)] |""-9944""=[This element (question or variable) was not presented to user for collection (reason unspecified)]",,,,,,,
vaccine_reasons_3___3,Why would you get a COVID-19 vaccine?,,boolean,,,"""0""=[(not selected) I want to keep myself safe] |""1""=[I want to keep myself safe] ","""-9999""=[Reason Unknown] |""-9960""=[This information was not provided by the originator (participant or sensor)] |""-9985""=[Data was invalid (wrong format, wrong or unknown units, not parseable, or impossible value)] |""-9944""=[This element (question or variable) was not presented to user for collection (reason unspecified)]",,,,,,,
vaccine_reasons_3___4,Why would you get a COVID-19 vaccine?,,boolean,,,"""0""=[(not selected) I have a chronic health problem, like asthma or diabetes] |""1""=[I have a chronic health problem, like asthma or diabetes] ","""-9999""=[Reason Unknown] |""-9960""=[This information was not provided by the originator (participant or sensor)] |""-9985""=[Data was invalid (wrong format, wrong or unknown units, not parseable, or impossible value)] |""-9944""=[This element (question or variable) was not presented to user for collection (reason unspecified)]",,,,,,,
vaccine_reasons_3___5,Why would you get a COVID-19 vaccine?,,boolean,,,"""0""=[(not selected) My doctor told me to get a COVID-19 vaccine] |""1""=[My doctor told me to get a COVID-19 vaccine] ","""-9999""=[Reason Unknown] |""-9960""=[This information was not provided by the originator (participant or sensor)] |""-9985""=[Data was invalid (wrong format, wrong or unknown units, not parseable, or impossible value)] |""-9944""=[This element (question or variable) was not presented to user for collection (reason unspecified)]",,,,,,,
vaccine_reasons_3___6,Why would you get a COVID-19 vaccine?,,boolean,,,"""0""=[(not selected) I don't want to get really sick from COVID-19] |""1""=[I don't want to get really sick from COVID-19] ","""-9999""=[Reason Unknown] |""-9960""=[This information was not provided by the originator (participant or sensor)] |""-9985""=[Data was invalid (wrong format, wrong or unknown units, not parseable, or impossible value)] |""-9944""=[This element (question or variable) was not presented to user for collection (reason unspecified)]",,,,,,,
vaccine_reasons_3___7,Why would you get a COVID-19 vaccine?,,boolean,,,"""0""=[(not selected) I want to feel safe around other people] |""1""=[I want to feel safe around other people] ","""-9999""=[Reason Unknown] |""-9960""=[This information was not provided by the originator (participant or sensor)] |""-9985""=[Data was invalid (wrong format, wrong or unknown units, not parseable, or impossible value)] |""-9944""=[This element (question or variable) was not presented to user for collection (reason unspecified)]",,,,,,,
vaccine_reasons_3___8,Why would you get a COVID-19 vaccine?,,boolean,,,"""0""=[(not selected) I believe life won't go back to normal until most people get a COVID-19 vaccine] |""1""=[I believe life won't go back to normal until most people get a COVID-19 vaccine] ","""-9999""=[Reason Unknown] |""-9960""=[This information was not provided by the originator (participant or sensor)] |""-9985""=[Data was invalid (wrong format, wrong or unknown units, not parseable, or impossible value)] |""-9944""=[This element (question or variable) was not presented to user for collection (reason unspecified)]",,,,,,,
vaccine_reasons_3___9,Why would you get a COVID-19 vaccine?,,boolean,,,"""0""=[(not selected) Other] |""1""=[Other] ","""-9999""=[Reason Unknown] |""-9960""=[This information was not provided by the originator (participant or sensor)] |""-9985""=[Data was invalid (wrong format, wrong or unknown units, not parseable, or impossible value)] |""-9944""=[This element (question or variable) was not presented to user for collection (reason unspecified)]",,,,,,,
vaccine_reasons_3___96,Why would you get a COVID-19 vaccine?,,boolean,,,"""0""=[(not selected) Not Applicable] |""1""=[Not Applicable] ","""-9999""=[Reason Unknown] |""-9960""=[This information was not provided by the originator (participant or sensor)] |""-9985""=[Data was invalid (wrong format, wrong or unknown units, not parseable, or impossible value)] |""-9944""=[This element (question or variable) was not presented to user for collection (reason unspecified)]",,,,,,,
nih_vape_freq,"Vaping Frequency: Do you now use electronic cigarettes every day, some days, rarely, or not at all?","NCIT:C173621
NCIT:C120482
NCIT:C68751
NCIT:C173060",integer,,,"""0""=[Not at all] |
""1""=[Rarely] |
""2""=[Some Days] |
""3""=[Every Day] |
""98""=[Don't know] |
""99""=[Prefer not to answer]","""-9999""=[Reason Unknown] |""-9960""=[This information was not provided by the originator (participant or sensor)] |""-9985""=[Data was invalid (wrong format, wrong or unknown units, not parseable, or impossible value)] |""-9944""=[This element (question or variable) was not presented to user for collection (reason unspecified)]",,,Medical History,single,,,
nih_weight,What is your weight in pounds?,,integer,,pound,,"""-9999""=[Reason Unknown] |""-9960""=[This information was not provided by the originator (participant or sensor)] |""-9985""=[Data was invalid (wrong format, wrong or unknown units, not parseable, or impossible value)] |""-9944""=[This element (question or variable) was not presented to user for collection (reason unspecified)]",,,Health Status,single,,,
nih_height,What is your height in inches?,,integer,,inch,,"""-9999""=[Reason Unknown] |""-9960""=[This information was not provided by the originator (participant or sensor)] |""-9985""=[Data was invalid (wrong format, wrong or unknown units, not parseable, or impossible value)] |""-9944""=[This element (question or variable) was not presented to user for collection (reason unspecified)]",,,Health Status,single,,,
nih_race,What is your race?,"NCIT:C17049
GSSO:002199",integer,,,"""0""=[American Indian or Alaska Native] |
""1""=[Black or African American] |
""2""=[Asian] |
""3""=[Native Hawaiian or Other Pacific Islander] |
""4""=[White] |
""5""=[Middle Eastern or North African] |
""6""=[Two or more races] |
""97""=[Some other race] |
""98""=[Do not know] |
""99""=[Prefer not to answer]","""-9999""=[Reason Unknown] |""-9960""=[This information was not provided by the originator (participant or sensor)] |""-9985""=[Data was invalid (wrong format, wrong or unknown units, not parseable, or impossible value)] |""-9944""=[This element (question or variable) was not presented to user for collection (reason unspecified)]",,,Race,single,,,
nih_alcohol_yn,Alcohol use (Yes or No),"GSSO:006602
NCIT:C81229
NCIT:C16273",integer,,,"""0""=[No] |
""1""=[Yes] |
""97""=[Other] |
""98""=[Don’t know] |
""99""=[Prefer not to answer]","""-9999""=[Reason Unknown] |""-9960""=[This information was not provided by the originator (participant or sensor)] |""-9985""=[Data was invalid (wrong format, wrong or unknown units, not parseable, or impossible value)] |""-9944""=[This element (question or variable) was not presented to user for collection (reason unspecified)]",,,Medical History,single,,,
nih_cig_smoke_freq,Nicotine Frequency: Do you now smoke cigarettes?,"NCIT:C19796
NCIT:C68751
NCIT:C173060",integer,,,"""0""=[Not at all] |
""1""=[Rarely] |
""2""=[Some Days] |
""3""=[Every Day] |
""98""=[Don't know] |
""99""=[Prefer not to answer]","""-9999""=[Reason Unknown] |""-9960""=[This information was not provided by the originator (participant or sensor)] |""-9985""=[Data was invalid (wrong format, wrong or unknown units, not parseable, or impossible value)] |""-9944""=[This element (question or variable) was not presented to user for collection (reason unspecified)]",,,Medical History,single,,,
nih_smoking_yn,"Do you use any tobacco/nicotine products (including cigarettes, cigars, e-cigarettes, etc)?","NCIT:C68751
NCIT:C173060",integer,,,"""0""=[No] |
""1""=[Yes] |
""97""=[Other] |
""98""=[Don’t know] |
""99""=[Prefer not to answer]","""-9999""=[Reason Unknown] |""-9960""=[This information was not provided by the originator (participant or sensor)] |""-9985""=[Data was invalid (wrong format, wrong or unknown units, not parseable, or impossible value)] |""-9944""=[This element (question or variable) was not presented to user for collection (reason unspecified)]",,,Medical History,single,,,
