Id,Label,Terms,Datatype,Pattern,Unit,Enumeration,Additional Missing Value Codes,Notes
participant_id,Participant ID,,string,,,,"""-9999""=[Reason Unknown] |""-9960""=[This information was not provided by the originator (participant or sensor)] |""-9985""=[Data was invalid (wrong format, wrong or unknown units, not parseable, or impossible value)] |""-9944""=[This element (question or variable) was not presented to user for collection (reason unspecified)]",
enrollment_date,Date of enrollment MM/DD/YYYY,,dateTime,,,,"""-9999""=[Reason Unknown] |""-9960""=[This information was not provided by the originator (participant or sensor)] |""-9985""=[Data was invalid (wrong format, wrong or unknown units, not parseable, or impossible value)] |""-9944""=[This element (question or variable) was not presented to user for collection (reason unspecified)]",
age_at_enrollment,Age at enrollment,,int,,,,"""-9999""=[Reason Unknown] |""-9960""=[This information was not provided by the originator (participant or sensor)] |""-9985""=[Data was invalid (wrong format, wrong or unknown units, not parseable, or impossible value)] |""-9944""=[This element (question or variable) was not presented to user for collection (reason unspecified)]",
biological_sex,Biological sex,,int,,,"""1""=[Male] |""2""=[Female] |""3""=[Intersex] |""99""=[Prefer not to answer] ","""-9999""=[Reason Unknown] |""-9960""=[This information was not provided by the originator (participant or sensor)] |""-9985""=[Data was invalid (wrong format, wrong or unknown units, not parseable, or impossible value)] |""-9944""=[This element (question or variable) was not presented to user for collection (reason unspecified)]",
race_ai_an,Race: American Indian or Alaska Native,,boolean,,,"""0""=[Not selected] |""1""=[Selected] ","""-9999""=[Reason Unknown] |""-9960""=[This information was not provided by the originator (participant or sensor)] |""-9985""=[Data was invalid (wrong format, wrong or unknown units, not parseable, or impossible value)] |""-9944""=[This element (question or variable) was not presented to user for collection (reason unspecified)]",
race_black,Race: Black or African American,,boolean,,,"""0""=[Not selected] |""1""=[Selected] ","""-9999""=[Reason Unknown] |""-9960""=[This information was not provided by the originator (participant or sensor)] |""-9985""=[Data was invalid (wrong format, wrong or unknown units, not parseable, or impossible value)] |""-9944""=[This element (question or variable) was not presented to user for collection (reason unspecified)]",
race_asian,Race: Asian,,boolean,,,"""0""=[Not selected] |""1""=[Selected] ","""-9999""=[Reason Unknown] |""-9960""=[This information was not provided by the originator (participant or sensor)] |""-9985""=[Data was invalid (wrong format, wrong or unknown units, not parseable, or impossible value)] |""-9944""=[This element (question or variable) was not presented to user for collection (reason unspecified)]",
race_nhpi,Race: Native Hawaiian or Pacific Islander,,boolean,,,"""0""=[Not selected] |""1""=[Selected] ","""-9999""=[Reason Unknown] |""-9960""=[This information was not provided by the originator (participant or sensor)] |""-9985""=[Data was invalid (wrong format, wrong or unknown units, not parseable, or impossible value)] |""-9944""=[This element (question or variable) was not presented to user for collection (reason unspecified)]",
race_white,Race: White,,boolean,,,"""0""=[Not selected] |""1""=[Selected] ","""-9999""=[Reason Unknown] |""-9960""=[This information was not provided by the originator (participant or sensor)] |""-9985""=[Data was invalid (wrong format, wrong or unknown units, not parseable, or impossible value)] |""-9944""=[This element (question or variable) was not presented to user for collection (reason unspecified)]",
race_other,Race: Other,,boolean,,,"""0""=[Not selected] |""1""=[Selected] ","""-9999""=[Reason Unknown] |""-9960""=[This information was not provided by the originator (participant or sensor)] |""-9985""=[Data was invalid (wrong format, wrong or unknown units, not parseable, or impossible value)] |""-9944""=[This element (question or variable) was not presented to user for collection (reason unspecified)]",
hispanic_latino,Hispanic or Latino ethnicity,,int,,,"""0""=[No] |""1""=[Yes] |""77""=[Don't know] |""99""=[Prefer not to answer] ","""-9999""=[Reason Unknown] |""-9960""=[This information was not provided by the originator (participant or sensor)] |""-9985""=[Data was invalid (wrong format, wrong or unknown units, not parseable, or impossible value)] |""-9944""=[This element (question or variable) was not presented to user for collection (reason unspecified)]",
education_level,Highest education level,,int,,,"""1""=[Less than high school] |""2""=[High school diploma/GED] |""3""=[Some college/Associates] |""4""=[Bachelors degree] |""5""=[Graduate/Professional degree] |""77""=[Don't know] |""99""=[Prefer not to answer] ","""-9999""=[Reason Unknown] |""-9960""=[This information was not provided by the originator (participant or sensor)] |""-9985""=[Data was invalid (wrong format, wrong or unknown units, not parseable, or impossible value)] |""-9944""=[This element (question or variable) was not presented to user for collection (reason unspecified)]",
zip_code,Residential zip code,,string,,,,"""-9999""=[Reason Unknown] |""-9960""=[This information was not provided by the originator (participant or sensor)] |""-9985""=[Data was invalid (wrong format, wrong or unknown units, not parseable, or impossible value)] |""-9944""=[This element (question or variable) was not presented to user for collection (reason unspecified)]",
employment_status,Current employment status,,int,,,"""1""=[Employed full-time] |""2""=[Employed part-time] |""3""=[Unemployed] |""4""=[Retired] |""5""=[Student] |""6""=[Disabled] |""99""=[Prefer not to answer] ","""-9999""=[Reason Unknown] |""-9960""=[This information was not provided by the originator (participant or sensor)] |""-9985""=[Data was invalid (wrong format, wrong or unknown units, not parseable, or impossible value)] |""-9944""=[This element (question or variable) was not presented to user for collection (reason unspecified)]",
insurance_type,Health insurance type,,int,,,"""0""=[Uninsured] |""1""=[Private] |""2""=[Medicare] |""3""=[Medicaid] |""4""=[Tricare/Military] |""77""=[Don't know] |""99""=[Prefer not to answer] ","""-9999""=[Reason Unknown] |""-9960""=[This information was not provided by the originator (participant or sensor)] |""-9985""=[Data was invalid (wrong format, wrong or unknown units, not parseable, or impossible value)] |""-9944""=[This element (question or variable) was not presented to user for collection (reason unspecified)]",
disability_status,Do you have a disability?,,int,,,"""0""=[No] |""1""=[Yes] |""99""=[Prefer not to answer] ","""-9999""=[Reason Unknown] |""-9960""=[This information was not provided by the originator (participant or sensor)] |""-9985""=[Data was invalid (wrong format, wrong or unknown units, not parseable, or impossible value)] |""-9944""=[This element (question or variable) was not presented to user for collection (reason unspecified)]",
hypertension,High blood pressure,,int,,,"""0""=[No] |""1""=[Yes] |""77""=[Don't know] |""99""=[Prefer not to answer] ","""-9999""=[Reason Unknown] |""-9960""=[This information was not provided by the originator (participant or sensor)] |""-9985""=[Data was invalid (wrong format, wrong or unknown units, not parseable, or impossible value)] |""-9944""=[This element (question or variable) was not presented to user for collection (reason unspecified)]",
diabetes_dx,Diabetes diagnosis,,int,,,"""0""=[No] |""1""=[Yes] |""77""=[Don't know] |""99""=[Prefer not to answer] ","""-9999""=[Reason Unknown] |""-9960""=[This information was not provided by the originator (participant or sensor)] |""-9985""=[Data was invalid (wrong format, wrong or unknown units, not parseable, or impossible value)] |""-9944""=[This element (question or variable) was not presented to user for collection (reason unspecified)]",
asthma_dx,Asthma diagnosis,,int,,,"""0""=[No] |""1""=[Yes] |""77""=[Don't know] |""99""=[Prefer not to answer] ","""-9999""=[Reason Unknown] |""-9960""=[This information was not provided by the originator (participant or sensor)] |""-9985""=[Data was invalid (wrong format, wrong or unknown units, not parseable, or impossible value)] |""-9944""=[This element (question or variable) was not presented to user for collection (reason unspecified)]",
copd_dx,COPD diagnosis,,int,,,"""0""=[No] |""1""=[Yes] |""77""=[Don't know] |""99""=[Prefer not to answer] ","""-9999""=[Reason Unknown] |""-9960""=[This information was not provided by the originator (participant or sensor)] |""-9985""=[Data was invalid (wrong format, wrong or unknown units, not parseable, or impossible value)] |""-9944""=[This element (question or variable) was not presented to user for collection (reason unspecified)]",
heart_disease,Heart disease,,int,,,"""0""=[No] |""1""=[Yes] |""77""=[Don't know] |""99""=[Prefer not to answer] ","""-9999""=[Reason Unknown] |""-9960""=[This information was not provided by the originator (participant or sensor)] |""-9985""=[Data was invalid (wrong format, wrong or unknown units, not parseable, or impossible value)] |""-9944""=[This element (question or variable) was not presented to user for collection (reason unspecified)]",
cancer_dx,Cancer diagnosis in past 12 months,,int,,,"""0""=[No] |""1""=[Yes] |""77""=[Don't know] |""99""=[Prefer not to answer] ","""-9999""=[Reason Unknown] |""-9960""=[This information was not provided by the originator (participant or sensor)] |""-9985""=[Data was invalid (wrong format, wrong or unknown units, not parseable, or impossible value)] |""-9944""=[This element (question or variable) was not presented to user for collection (reason unspecified)]",
kidney_disease,Chronic kidney disease,,int,,,"""0""=[No] |""1""=[Yes] |""77""=[Don't know] |""99""=[Prefer not to answer] ","""-9999""=[Reason Unknown] |""-9960""=[This information was not provided by the originator (participant or sensor)] |""-9985""=[Data was invalid (wrong format, wrong or unknown units, not parseable, or impossible value)] |""-9944""=[This element (question or variable) was not presented to user for collection (reason unspecified)]",
immunocompromised,Immunocompromised condition,,int,,,"""0""=[No] |""1""=[Yes] |""77""=[Don't know] |""99""=[Prefer not to answer] ","""-9999""=[Reason Unknown] |""-9960""=[This information was not provided by the originator (participant or sensor)] |""-9985""=[Data was invalid (wrong format, wrong or unknown units, not parseable, or impossible value)] |""-9944""=[This element (question or variable) was not presented to user for collection (reason unspecified)]",
depression_dx,Depression,,int,,,"""0""=[No] |""1""=[Yes] |""77""=[Don't know] |""99""=[Prefer not to answer] ","""-9999""=[Reason Unknown] |""-9960""=[This information was not provided by the originator (participant or sensor)] |""-9985""=[Data was invalid (wrong format, wrong or unknown units, not parseable, or impossible value)] |""-9944""=[This element (question or variable) was not presented to user for collection (reason unspecified)]",
smoker_status,Current cigarette smoking status,,int,,,"""0""=[Never] |""1""=[Former] |""2""=[Current, some days] |""3""=[Current, every day] |""99""=[Prefer not to answer] ","""-9999""=[Reason Unknown] |""-9960""=[This information was not provided by the originator (participant or sensor)] |""-9985""=[Data was invalid (wrong format, wrong or unknown units, not parseable, or impossible value)] |""-9944""=[This element (question or variable) was not presented to user for collection (reason unspecified)]",
alcohol_use,Any alcohol use in past 12 months,,int,,,"""0""=[No] |""1""=[Yes] |""99""=[Prefer not to answer] ","""-9999""=[Reason Unknown] |""-9960""=[This information was not provided by the originator (participant or sensor)] |""-9985""=[Data was invalid (wrong format, wrong or unknown units, not parseable, or impossible value)] |""-9944""=[This element (question or variable) was not presented to user for collection (reason unspecified)]",
symptom_cough,Symptom: Cough,,int,,,"""0""=[No] |""1""=[Yes] |""77""=[Don't know] |""99""=[Prefer not to answer] ","""-9999""=[Reason Unknown] |""-9960""=[This information was not provided by the originator (participant or sensor)] |""-9985""=[Data was invalid (wrong format, wrong or unknown units, not parseable, or impossible value)] |""-9944""=[This element (question or variable) was not presented to user for collection (reason unspecified)]",
symptom_fever,Symptom: Fever or chills,,int,,,"""0""=[No] |""1""=[Yes] |""77""=[Don't know] |""99""=[Prefer not to answer] ","""-9999""=[Reason Unknown] |""-9960""=[This information was not provided by the originator (participant or sensor)] |""-9985""=[Data was invalid (wrong format, wrong or unknown units, not parseable, or impossible value)] |""-9944""=[This element (question or variable) was not presented to user for collection (reason unspecified)]",
symptom_sob,Symptom: Shortness of breath,,int,,,"""0""=[No] |""1""=[Yes] |""77""=[Don't know] |""99""=[Prefer not to answer] ","""-9999""=[Reason Unknown] |""-9960""=[This information was not provided by the originator (participant or sensor)] |""-9985""=[Data was invalid (wrong format, wrong or unknown units, not parseable, or impossible value)] |""-9944""=[This element (question or variable) was not presented to user for collection (reason unspecified)]",
symptom_fatigue,Symptom: Fatigue,,int,,,"""0""=[No] |""1""=[Yes] |""77""=[Don't know] |""99""=[Prefer not to answer] ","""-9999""=[Reason Unknown] |""-9960""=[This information was not provided by the originator (participant or sensor)] |""-9985""=[Data was invalid (wrong format, wrong or unknown units, not parseable, or impossible value)] |""-9944""=[This element (question or variable) was not presented to user for collection (reason unspecified)]",
symptom_headache,Symptom: Headache,,int,,,"""0""=[No] |""1""=[Yes] |""77""=[Don't know] |""99""=[Prefer not to answer] ","""-9999""=[Reason Unknown] |""-9960""=[This information was not provided by the originator (participant or sensor)] |""-9985""=[Data was invalid (wrong format, wrong or unknown units, not parseable, or impossible value)] |""-9944""=[This element (question or variable) was not presented to user for collection (reason unspecified)]",
symptom_muscle_ache,Symptom: Muscle aches,,int,,,"""0""=[No] |""1""=[Yes] |""77""=[Don't know] |""99""=[Prefer not to answer] ","""-9999""=[Reason Unknown] |""-9960""=[This information was not provided by the originator (participant or sensor)] |""-9985""=[Data was invalid (wrong format, wrong or unknown units, not parseable, or impossible value)] |""-9944""=[This element (question or variable) was not presented to user for collection (reason unspecified)]",
symptom_loss_taste_smell,Symptom: Loss of taste or smell,,int,,,"""0""=[No] |""1""=[Yes] |""77""=[Don't know] |""99""=[Prefer not to answer] ","""-9999""=[Reason Unknown] |""-9960""=[This information was not provided by the originator (participant or sensor)] |""-9985""=[Data was invalid (wrong format, wrong or unknown units, not parseable, or impossible value)] |""-9944""=[This element (question or variable) was not presented to user for collection (reason unspecified)]",
symptom_sore_throat,Symptom: Sore throat / congestion / runny nose,,int,,,"""0""=[No] |""1""=[Yes] |""77""=[Don't know] |""99""=[Prefer not to answer] ","""-9999""=[Reason Unknown] |""-9960""=[This information was not provided by the originator (participant or sensor)] |""-9985""=[Data was invalid (wrong format, wrong or unknown units, not parseable, or impossible value)] |""-9944""=[This element (question or variable) was not presented to user for collection (reason unspecified)]",
symptom_nausea,"Symptom: Nausea, vomiting, or diarrhea",,int,,,"""0""=[No] |""1""=[Yes] |""77""=[Don't know] |""99""=[Prefer not to answer] ","""-9999""=[Reason Unknown] |""-9960""=[This information was not provided by the originator (participant or sensor)] |""-9985""=[Data was invalid (wrong format, wrong or unknown units, not parseable, or impossible value)] |""-9944""=[This element (question or variable) was not presented to user for collection (reason unspecified)]",
health_rating,Self-rated general health,,int,,,"""1""=[Excellent] |""2""=[Very good] |""3""=[Good] |""4""=[Fair] |""5""=[Poor] |""77""=[Don't know] |""99""=[Prefer not to answer] ","""-9999""=[Reason Unknown] |""-9960""=[This information was not provided by the originator (participant or sensor)] |""-9985""=[Data was invalid (wrong format, wrong or unknown units, not parseable, or impossible value)] |""-9944""=[This element (question or variable) was not presented to user for collection (reason unspecified)]",
height_inches,Height in inches,,int,,,,"""-9999""=[Reason Unknown] |""-9960""=[This information was not provided by the originator (participant or sensor)] |""-9985""=[Data was invalid (wrong format, wrong or unknown units, not parseable, or impossible value)] |""-9944""=[This element (question or variable) was not presented to user for collection (reason unspecified)]",
weight_lbs,Weight in pounds,,int,,,,"""-9999""=[Reason Unknown] |""-9960""=[This information was not provided by the originator (participant or sensor)] |""-9985""=[Data was invalid (wrong format, wrong or unknown units, not parseable, or impossible value)] |""-9944""=[This element (question or variable) was not presented to user for collection (reason unspecified)]",
